{"cameraMode":{"drawMode":0,"name":"Shaded","section":"Shading Mode"},"sceneLighting":false,"audioPlay":false,"sceneViewState":{"showFog":true,"showMaterialUpdate":true,"showSkybox":false,"showFlares":true,"showImageEffects":true,"showParticleSystems":true,"showVisualEffectGraphs":true,"m_FxEnabled":true},"in2DMode":false,"pivot":{"x":3.684361696243286,"y":-0.34465646743774416,"z":1.291798710823059},"rotation":{"x":-0.6927503347396851,"y":-0.0038963479455560447,"z":0.003742715111002326,"w":-0.7211567163467407},"size":18.385665893554689,"orthographic":false}