{"cameraMode":{"drawMode":0,"name":"Shaded","section":"Shading Mode"},"sceneLighting":false,"audioPlay":false,"sceneViewState":{"showFog":true,"showMaterialUpdate":true,"showSkybox":false,"showFlares":true,"showImageEffects":true,"showParticleSystems":true,"showVisualEffectGraphs":true,"m_FxEnabled":true},"in2DMode":false,"pivot":{"x":0.08078980445861817,"y":43.369956970214847,"z":19.340715408325197},"rotation":{"x":0.7007107734680176,"y":0.0021403077989816667,"z":-0.0021021380089223387,"w":0.713438093662262},"size":4.330132484436035,"orthographic":true}